[
    {
        "card_title": "general",
        "content_type": "COMPLEX",
        "content": [
            {
                "inner_title": "CLI Version",
                "content_type": "FLAG",
                "content": "8.8.0",
                "doc_link": "",
                "tooltip": "",
                "unsound": false
            },
            {
                "inner_title": "branch",
                "content_type": "FLAG",
                "content": "main",
                "doc_link": "",
                "tooltip": "",
                "unsound": false
            },
            {
                "inner_title": "origin",
                "content_type": "FLAG",
                "content": "https://github.com/VuVietDung-bk/solc-verify-spec-experiment-set.git",
                "doc_link": "",
                "tooltip": "",
                "unsound": false
            },
            {
                "inner_title": "revision",
                "content_type": "FLAG",
                "content": "b8b08a0ed85404c78c3a0c9eb061fd18bbf78765",
                "doc_link": "",
                "tooltip": "",
                "unsound": false
            }
        ]
    },
    {
        "card_title": "files",
        "content_type": "SIMPLE",
        "content": [
            {
                "inner_title": "files",
                "content_type": "SIMPLE",
                "content": [
                    "integer_overflow_benign_1.sol:IntegerOverflowBenign1"
                ],
                "doc_link": "https://docs.certora.com/en/latest/docs/prover/cli/options.html#files",
                "tooltip": "",
                "unsound": false
            }
        ]
    },
    {
        "card_title": "options",
        "content_type": "COMPLEX",
        "content": [
            {
                "inner_title": "verify",
                "content_type": "FLAG",
                "content": "IntegerOverflowBenign1:certora_specification/integer_overflow_benign_1.cvl",
                "doc_link": "https://docs.certora.com/en/latest/docs/prover/cli/options.html#verify",
                "tooltip": "",
                "unsound": false
            }
        ]
    }
]